model,training_setup,test_representation,accuracy,f1_score
ResNet-50,Train_Original,Original,0.9916666666666667,0.99166550898591
ResNet-50,Train_Original,Outline,0.8333333333333334,0.8368192705866757
ResNet-50,Train_Original,Dotted,0.775,0.7826921121532366
ResNet-50,Train_Original,Dashed,0.7966666666666666,0.805818944455863
ResNet-50,Train_Original,Sketch,0.76,0.7354204087651788
ResNet-50,Train_Original,Silhouette,0.795,0.7990952727807485
ResNet-50,Train_Outline,Original,0.10333333333333333,0.06616354409866565
ResNet-50,Train_Outline,Outline,0.9316666666666666,0.9337573532156604
ResNet-50,Train_Outline,Dotted,0.465,0.4235632836735224
ResNet-50,Train_Outline,Dashed,0.9266666666666666,0.928937108875928
ResNet-50,Train_Outline,Sketch,0.39,0.35703162430628316
ResNet-50,Train_Outline,Silhouette,0.1,0.01818181818181818
ResNet-50,Train_Dotted,Original,0.18333333333333332,0.15757882852949626
ResNet-50,Train_Dotted,Outline,0.85,0.8573281107967198
ResNet-50,Train_Dotted,Dotted,0.895,0.8971173534290238
ResNet-50,Train_Dotted,Dashed,0.7666666666666667,0.7772334441527221
ResNet-50,Train_Dotted,Sketch,0.5633333333333334,0.5343990280670374
ResNet-50,Train_Dotted,Silhouette,0.135,0.055514043350191035
ResNet-50,Train_Dashed,Original,0.14,0.06082164989403882
ResNet-50,Train_Dashed,Outline,0.915,0.916621125538472
ResNet-50,Train_Dashed,Dotted,0.3616666666666667,0.32833042892739306
ResNet-50,Train_Dashed,Dashed,0.9166666666666666,0.9183199334032045
ResNet-50,Train_Dashed,Sketch,0.2633333333333333,0.27930768684827295
ResNet-50,Train_Dashed,Silhouette,0.095,0.032349708849339784
ResNet-50,Train_Sketch,Original,0.30833333333333335,0.2835438620027656
ResNet-50,Train_Sketch,Outline,0.72,0.6905080232560841
ResNet-50,Train_Sketch,Dotted,0.6366666666666667,0.6093362633455484
ResNet-50,Train_Sketch,Dashed,0.6816666666666666,0.6543199667815258
ResNet-50,Train_Sketch,Sketch,0.935,0.9346304278416347
ResNet-50,Train_Sketch,Silhouette,0.16666666666666666,0.08969819088664589
ResNet-50,Train_Silhouette,Original,0.38,0.40512457032265187
ResNet-50,Train_Silhouette,Outline,0.5533333333333333,0.519427961249219
ResNet-50,Train_Silhouette,Dotted,0.3433333333333333,0.31751930498256986
ResNet-50,Train_Silhouette,Dashed,0.5233333333333333,0.47215937874182556
ResNet-50,Train_Silhouette,Sketch,0.49,0.43427964122113033
ResNet-50,Train_Silhouette,Silhouette,0.9266666666666666,0.9268886337822885
ResNet-50,Train_All_Combined,Original,0.9716666666666667,0.9716315922807137
ResNet-50,Train_All_Combined,Outline,0.9133333333333333,0.915564656241617
ResNet-50,Train_All_Combined,Dotted,0.9116666666666666,0.9139838432946654
ResNet-50,Train_All_Combined,Dashed,0.915,0.9172105155350708
ResNet-50,Train_All_Combined,Sketch,0.94,0.939438895955386
ResNet-50,Train_All_Combined,Silhouette,0.9083333333333333,0.9082576274900637
ViT-B/16,Train_Original,Original,0.8883333333333333,0.8763284217381383
ViT-B/16,Train_Original,Outline,0.44,0.366303514571532
ViT-B/16,Train_Original,Dotted,0.455,0.39784581623613724
ViT-B/16,Train_Original,Dashed,0.375,0.30683887131219556
ViT-B/16,Train_Original,Sketch,0.6116666666666667,0.5785665783519166
ViT-B/16,Train_Original,Silhouette,0.4766666666666667,0.3956949123656587
ViT-B/16,Train_Outline,Original,0.855,0.8527641263076369
ViT-B/16,Train_Outline,Outline,0.855,0.8596616132605922
ViT-B/16,Train_Outline,Dotted,0.665,0.6605006932053802
ViT-B/16,Train_Outline,Dashed,0.85,0.8546638684855192
ViT-B/16,Train_Outline,Sketch,0.6566666666666666,0.6251929746729802
ViT-B/16,Train_Outline,Silhouette,0.6983333333333334,0.7055039639606633
ViT-B/16,Train_Dotted,Original,0.665,0.6181632309052334
ViT-B/16,Train_Dotted,Outline,0.6333333333333333,0.614231362329454
ViT-B/16,Train_Dotted,Dotted,0.7966666666666666,0.7875612406042355
ViT-B/16,Train_Dotted,Dashed,0.5683333333333334,0.5510961730433769
ViT-B/16,Train_Dotted,Sketch,0.57,0.5238398826792021
ViT-B/16,Train_Dotted,Silhouette,0.6583333333333333,0.6432410222840896
ViT-B/16,Train_Dashed,Original,0.7966666666666666,0.773416486697007
ViT-B/16,Train_Dashed,Outline,0.8233333333333334,0.8229621976090249
ViT-B/16,Train_Dashed,Dotted,0.7333333333333333,0.7396589148356766
ViT-B/16,Train_Dashed,Dashed,0.81,0.8101862520636297
ViT-B/16,Train_Dashed,Sketch,0.635,0.5999261330571776
ViT-B/16,Train_Dashed,Silhouette,0.6283333333333333,0.6081789178022302
ViT-B/16,Train_Sketch,Original,0.84,0.8196177059084822
ViT-B/16,Train_Sketch,Outline,0.5616666666666666,0.5142528496357979
ViT-B/16,Train_Sketch,Dotted,0.38666666666666666,0.3662103435240822
ViT-B/16,Train_Sketch,Dashed,0.5466666666666666,0.4915418968489512
ViT-B/16,Train_Sketch,Sketch,0.8483333333333334,0.844338730553762
ViT-B/16,Train_Sketch,Silhouette,0.5466666666666666,0.5195503900339542
ViT-B/16,Train_Silhouette,Original,0.7466666666666667,0.7131475029552874
ViT-B/16,Train_Silhouette,Outline,0.5766666666666667,0.5138234024912391
ViT-B/16,Train_Silhouette,Dotted,0.455,0.3753412751036689
ViT-B/16,Train_Silhouette,Dashed,0.5466666666666666,0.49129746205573965
ViT-B/16,Train_Silhouette,Sketch,0.6,0.5345915730934181
ViT-B/16,Train_Silhouette,Silhouette,0.8083333333333333,0.8060475643373488
ViT-B/16,Train_All_Combined,Original,0.9533333333333334,0.9533418660313648
ViT-B/16,Train_All_Combined,Outline,0.88,0.8822347142501412
ViT-B/16,Train_All_Combined,Dotted,0.86,0.8596324041353645
ViT-B/16,Train_All_Combined,Dashed,0.88,0.8817136057710376
ViT-B/16,Train_All_Combined,Sketch,0.8833333333333333,0.8817093216696777
ViT-B/16,Train_All_Combined,Silhouette,0.87,0.8644291195753653
DINOv3,Train_Original,Original,0.9316666666666666,0.9312493686628589
DINOv3,Train_Original,Outline,0.765,0.771525341178433
DINOv3,Train_Original,Dotted,0.6983333333333334,0.6907786882695729
DINOv3,Train_Original,Dashed,0.7633333333333333,0.770191696592945
DINOv3,Train_Original,Sketch,0.75,0.7307130636533998
DINOv3,Train_Original,Silhouette,0.7166666666666667,0.7049899995153359
DINOv3,Train_Outline,Original,0.7516666666666667,0.7331801300825915
DINOv3,Train_Outline,Outline,0.8583333333333333,0.8613312667243267
DINOv3,Train_Outline,Dotted,0.81,0.8040398977825738
DINOv3,Train_Outline,Dashed,0.8433333333333334,0.8420508746072448
DINOv3,Train_Outline,Sketch,0.775,0.7692083179229294
DINOv3,Train_Outline,Silhouette,0.7766666666666666,0.7746808373664817
DINOv3,Train_Dotted,Original,0.7083333333333334,0.6590664432721808
DINOv3,Train_Dotted,Outline,0.8216666666666667,0.8106727377400953
DINOv3,Train_Dotted,Dotted,0.8316666666666667,0.8382108775258306
DINOv3,Train_Dotted,Dashed,0.815,0.7951548763628157
DINOv3,Train_Dotted,Sketch,0.7866666666666666,0.751623453738686
DINOv3,Train_Dotted,Silhouette,0.7633333333333333,0.7467442349890464
DINOv3,Train_Dashed,Original,0.755,0.7148111171509749
DINOv3,Train_Dashed,Outline,0.8566666666666667,0.8623271274166011
DINOv3,Train_Dashed,Dotted,0.7933333333333333,0.7843674807324829
DINOv3,Train_Dashed,Dashed,0.845,0.8498413579965713
DINOv3,Train_Dashed,Sketch,0.8366666666666667,0.815609135744953
DINOv3,Train_Dashed,Silhouette,0.7916666666666666,0.7868733978758234
DINOv3,Train_Sketch,Original,0.7033333333333334,0.6499676304654234
DINOv3,Train_Sketch,Outline,0.8083333333333333,0.8174851559941277
DINOv3,Train_Sketch,Dotted,0.7433333333333333,0.7437516228670471
DINOv3,Train_Sketch,Dashed,0.79,0.7951226997590065
DINOv3,Train_Sketch,Sketch,0.8933333333333333,0.8920643662875859
DINOv3,Train_Sketch,Silhouette,0.7633333333333333,0.7403075777550512
DINOv3,Train_Silhouette,Original,0.7716666666666666,0.7494039386690415
DINOv3,Train_Silhouette,Outline,0.7716666666666666,0.7435559546441737
DINOv3,Train_Silhouette,Dotted,0.6633333333333333,0.6098544472180123
DINOv3,Train_Silhouette,Dashed,0.7816666666666666,0.7555968460864092
DINOv3,Train_Silhouette,Sketch,0.78,0.7466036167258885
DINOv3,Train_Silhouette,Silhouette,0.8583333333333333,0.8586064540814556
DINOv3,Train_All_Combined,Original,0.9483333333333334,0.9468149756313498
DINOv3,Train_All_Combined,Outline,0.8766666666666667,0.8794555715569341
DINOv3,Train_All_Combined,Dotted,0.8566666666666667,0.8594471129054275
DINOv3,Train_All_Combined,Dashed,0.8666666666666667,0.8686093140679599
DINOv3,Train_All_Combined,Sketch,0.91,0.9095455210147316
DINOv3,Train_All_Combined,Silhouette,0.87,0.8688594885069151
CLIP ViT-B/32,Zero-Shot,Original,0.88,0.8469797170196024
CLIP ViT-B/32,Zero-Shot,Outline,0.72,0.6985070193111855
CLIP ViT-B/32,Zero-Shot,Dotted,0.6666666666666666,0.6380139142661153
CLIP ViT-B/32,Zero-Shot,Dashed,0.6916666666666667,0.6630187972429458
CLIP ViT-B/32,Zero-Shot,Sketch,0.7766666666666666,0.7522093131199421
CLIP ViT-B/32,Zero-Shot,Silhouette,0.6283333333333333,0.6114193347903814
EVA-CLIP (EVA02-B/16),Zero-Shot,Original,0.9133333333333333,0.9094601649078914
EVA-CLIP (EVA02-B/16),Zero-Shot,Outline,0.8,0.7991399483516848
EVA-CLIP (EVA02-B/16),Zero-Shot,Dotted,0.7716666666666666,0.7648404676332415
EVA-CLIP (EVA02-B/16),Zero-Shot,Dashed,0.8233333333333334,0.8194222205271859
EVA-CLIP (EVA02-B/16),Zero-Shot,Sketch,0.7583333333333333,0.7545925110760232
EVA-CLIP (EVA02-B/16),Zero-Shot,Silhouette,0.7166666666666667,0.697774610767598
