class,variant,ResNet-50,ViT-B/16,DINOv3,CLIP ViT-B/32,EVA-CLIP,SigLIP-2,Qwen3-VL-8B
car,Original,95.0,96.67,98.33,98.33,100.0,100.0,98.33
car,Outline,95.0,93.33,96.67,93.33,95.0,95.0,93.33
car,Dotted,95.0,90.0,96.67,93.33,95.0,95.0,93.33
car,Dashed,95.0,90.0,96.67,95.0,95.0,95.0,93.33
car,Sketch,95.0,95.0,98.33,96.67,95.0,95.0,95.0
car,Silhouette,88.33,65.0,90.0,56.67,78.33,80.0,50.0
car,ColorTint_Red,96.67,90.0,98.33,93.33,98.33,96.67,98.33
car,ColorTint_Green,95.0,90.0,98.33,95.0,98.33,96.67,95.0
car,ColorTint_Blue,96.67,91.67,98.33,93.33,98.33,98.33,98.33
cat,Original,93.33,93.33,98.33,98.33,98.33,98.33,98.33
cat,Outline,83.33,90.0,88.33,90.0,81.67,83.33,83.33
cat,Dotted,70.0,90.0,90.0,70.0,70.0,80.0,70.0
cat,Dashed,81.67,90.0,88.33,88.33,83.33,86.67,80.0
cat,Sketch,76.67,93.33,96.67,93.33,88.33,95.0,95.0
cat,Silhouette,50.0,68.33,83.33,73.33,65.0,73.33,65.0
cat,ColorTint_Red,78.33,93.33,95.0,90.0,93.33,95.0,95.0
cat,ColorTint_Green,81.67,86.67,96.67,86.67,93.33,95.0,95.0
cat,ColorTint_Blue,73.33,90.0,96.67,91.67,93.33,95.0,95.0
chair,Original,100.0,100.0,100.0,100.0,100.0,100.0,100.0
chair,Outline,100.0,100.0,96.67,96.67,100.0,100.0,96.67
chair,Dotted,100.0,100.0,98.33,90.0,95.0,98.33,96.67
chair,Dashed,100.0,100.0,98.33,96.67,100.0,98.33,98.33
chair,Sketch,100.0,100.0,100.0,96.67,100.0,100.0,100.0
chair,Silhouette,100.0,96.67,95.0,90.0,96.67,100.0,85.0
chair,ColorTint_Red,98.33,100.0,100.0,100.0,100.0,100.0,100.0
chair,ColorTint_Green,98.33,100.0,100.0,95.0,100.0,100.0,100.0
chair,ColorTint_Blue,98.33,100.0,100.0,100.0,100.0,100.0,100.0
circle,Original,100.0,100.0,100.0,100.0,100.0,100.0,100.0
circle,Outline,100.0,100.0,100.0,100.0,100.0,100.0,100.0
circle,Dotted,100.0,100.0,100.0,100.0,100.0,96.67,100.0
circle,Dashed,100.0,100.0,100.0,100.0,98.33,100.0,100.0
circle,Sketch,100.0,100.0,100.0,100.0,100.0,100.0,100.0
circle,Silhouette,100.0,100.0,100.0,100.0,100.0,100.0,100.0
circle,ColorTint_Red,100.0,100.0,100.0,95.0,100.0,100.0,100.0
circle,ColorTint_Green,100.0,100.0,100.0,100.0,100.0,100.0,100.0
circle,ColorTint_Blue,100.0,100.0,100.0,100.0,100.0,100.0,100.0
cup,Original,93.33,98.33,100.0,86.67,90.0,95.0,66.67
cup,Outline,98.33,96.67,93.33,53.33,50.0,66.67,66.67
cup,Dotted,96.67,93.33,90.0,43.33,36.67,70.0,48.33
cup,Dashed,98.33,96.67,93.33,48.33,50.0,71.67,61.67
cup,Sketch,98.33,90.0,100.0,70.0,66.67,78.33,73.33
cup,Silhouette,78.33,93.33,91.67,46.67,40.0,71.67,56.67
cup,ColorTint_Red,91.67,91.67,100.0,83.33,78.33,98.33,83.33
cup,ColorTint_Green,91.67,90.0,100.0,78.33,61.67,96.67,85.0
cup,ColorTint_Blue,91.67,90.0,100.0,83.33,86.67,98.33,88.33
dog,Original,91.67,80.0,98.33,98.33,98.33,100.0,100.0
dog,Outline,88.33,46.67,81.67,68.33,80.0,90.0,88.33
dog,Dotted,93.33,46.67,78.33,61.67,81.67,80.0,81.67
dog,Dashed,90.0,45.0,83.33,70.0,85.0,85.0,88.33
dog,Sketch,93.33,56.67,93.33,76.67,93.33,91.67,95.0
dog,Silhouette,90.0,66.67,78.33,58.330000000000005,68.33,71.67,81.67
dog,ColorTint_Red,95.0,73.33,93.33,86.67,95.0,93.33,96.67
dog,ColorTint_Green,93.33,68.33,95.0,85.0,91.67,90.0,96.67
dog,ColorTint_Blue,95.0,78.33,93.33,93.33,91.67,93.33,98.33
rectangle,Original,100.0,100.0,85.0,100.0,83.33,100.0,96.67
rectangle,Outline,100.0,98.33,86.67,100.0,100.0,100.0,100.0
rectangle,Dotted,100.0,98.33,83.33,100.0,100.0,93.33,100.0
rectangle,Dashed,100.0,98.33,90.0,100.0,100.0,85.0,96.67
rectangle,Sketch,100.0,95.0,83.33,100.0,91.67,100.0,93.33
rectangle,Silhouette,100.0,90.0,86.67,100.0,60.0,100.0,100.0
rectangle,ColorTint_Red,100.0,98.33,85.0,100.0,100.0,100.0,95.0
rectangle,ColorTint_Green,100.0,98.33,76.67,100.0,98.33,100.0,100.0
rectangle,ColorTint_Blue,100.0,95.0,80.0,100.0,98.33,100.0,95.0
square,Original,100.0,95.0,71.67,0.0,43.33,1.67,100.0
square,Outline,100.0,98.33,90.0,0.0,65.0,1.67,100.0
square,Dotted,100.0,100.0,88.33,3.3300000000000005,88.33,98.33,100.0
square,Dashed,100.0,98.33,83.33,0.0,61.67,26.669999999999998,100.0
square,Sketch,100.0,100.0,91.67,0.0,95.0,20.0,100.0
square,Silhouette,100.0,93.33,73.33,5.0,88.33,81.67,100.0
square,ColorTint_Red,100.0,93.33,81.67,0.0,70.0,55.00000000000001,100.0
square,ColorTint_Green,100.0,98.33,88.33,0.0,85.0,50.0,100.0
square,ColorTint_Blue,100.0,96.67,85.0,0.0,41.67,63.33,100.0
table,Original,100.0,100.0,100.0,98.33,100.0,98.33,100.0
table,Outline,100.0,91.67,98.33,66.67,78.33,75.0,65.0
table,Dotted,100.0,96.67,95.0,53.33,63.33,68.33,50.0
table,Dashed,100.0,93.33,96.67,70.0,70.0,80.0,66.67
table,Sketch,100.0,98.33,100.0,76.67,83.33,85.0,78.33
table,Silhouette,98.33,90.0,98.33,48.33,58.330000000000005,70.0,43.33
table,ColorTint_Red,100.0,98.33,100.0,71.67,91.67,85.0,81.67
table,ColorTint_Green,100.0,96.67,100.0,65.0,86.67,80.0,76.67
table,ColorTint_Blue,100.0,95.0,100.0,75.0,90.0,90.0,80.0
triangle,Original,100.0,100.0,100.0,100.0,100.0,100.0,100.0
triangle,Outline,100.0,100.0,100.0,100.0,100.0,100.0,100.0
triangle,Dotted,100.0,98.33,100.0,100.0,100.0,100.0,100.0
triangle,Dashed,100.0,100.0,100.0,100.0,100.0,100.0,100.0
triangle,Sketch,100.0,100.0,100.0,100.0,100.0,100.0,100.0
triangle,Silhouette,100.0,100.0,100.0,98.33,100.0,100.0,100.0
triangle,ColorTint_Red,100.0,100.0,100.0,98.33,100.0,100.0,100.0
triangle,ColorTint_Green,100.0,100.0,100.0,100.0,100.0,100.0,100.0
triangle,ColorTint_Blue,100.0,100.0,100.0,100.0,100.0,100.0,100.0
