training_setup,Original,Outline,Dotted,Dashed,Sketch,Silhouette,ColorTint_Red,ColorTint_Green,ColorTint_Blue
Train_All_Combined,95.17,93.17,92.0,93.0,96.33,89.67,95.33,95.5,95.33
Train_ColorTint_Blue,87.33,85.0,78.33,85.5,89.17,73.17,91.0,92.0,92.33
Train_ColorTint_Green,84.67,79.67,73.0,79.0,87.17,70.67,90.67,91.17,91.5
Train_ColorTint_Red,89.0,78.17,71.17,78.33,88.67,74.67,91.33,89.67,88.67
Train_Dashed,76.17,87.67,82.83,87.5,90.83,78.83,82.33,79.17,83.0
Train_Dotted,73.33,86.5,87.83,86.83,85.83,74.5,80.17,81.67,78.5
Train_Original,91.17,71.0,60.17,70.33,83.17,62.17,85.33,85.17,85.67
Train_Outline,73.17,89.33,81.33,88.67,90.83,74.5,83.17,79.17,82.83
Train_Silhouette,70.0,86.33,79.5,85.83,85.67,87.0,79.33,78.83,82.5
Train_Sketch,83.83,83.83,78.5,84.17,91.0,75.33,89.33,87.0,88.17
