model,training_setup,test_representation,class_name,accuracy,precision,recall,f1_score
EVA-CLIP (EVA02-B/16),Zero-Shot,Original,car,1.0,1.0,1.0,1.0
EVA-CLIP (EVA02-B/16),Zero-Shot,Original,cat,0.9833,0.9833,0.9833,0.9833
EVA-CLIP (EVA02-B/16),Zero-Shot,Original,chair,1.0,1.0,1.0,1.0
EVA-CLIP (EVA02-B/16),Zero-Shot,Original,circle,1.0,0.9231,1.0,0.96
EVA-CLIP (EVA02-B/16),Zero-Shot,Original,cup,0.9,1.0,0.9,0.9474
EVA-CLIP (EVA02-B/16),Zero-Shot,Original,dog,0.9833,1.0,0.9833,0.9916
EVA-CLIP (EVA02-B/16),Zero-Shot,Original,rectangle,0.8333,0.5882,0.8333,0.6897
EVA-CLIP (EVA02-B/16),Zero-Shot,Original,square,0.4333,0.8387,0.4333,0.5714
EVA-CLIP (EVA02-B/16),Zero-Shot,Original,table,1.0,0.9524,1.0,0.9756
EVA-CLIP (EVA02-B/16),Zero-Shot,Original,triangle,1.0,0.9524,1.0,0.9756
EVA-CLIP (EVA02-B/16),Zero-Shot,Outline,car,0.9667,0.9206,0.9667,0.9431
EVA-CLIP (EVA02-B/16),Zero-Shot,Outline,cat,0.7667,0.8364,0.7667,0.8
EVA-CLIP (EVA02-B/16),Zero-Shot,Outline,chair,1.0,1.0,1.0,1.0
EVA-CLIP (EVA02-B/16),Zero-Shot,Outline,circle,0.8667,0.9123,0.8667,0.8889
EVA-CLIP (EVA02-B/16),Zero-Shot,Outline,cup,0.4667,0.9333,0.4667,0.6222
EVA-CLIP (EVA02-B/16),Zero-Shot,Outline,dog,0.55,0.7174,0.55,0.6226
EVA-CLIP (EVA02-B/16),Zero-Shot,Outline,rectangle,0.7167,0.8776,0.7167,0.789
EVA-CLIP (EVA02-B/16),Zero-Shot,Outline,square,0.8667,0.5778,0.8667,0.6933
EVA-CLIP (EVA02-B/16),Zero-Shot,Outline,table,0.95,0.5816,0.95,0.7215
EVA-CLIP (EVA02-B/16),Zero-Shot,Outline,triangle,0.85,0.9808,0.85,0.9107
EVA-CLIP (EVA02-B/16),Zero-Shot,Dotted,car,0.95,0.95,0.95,0.95
EVA-CLIP (EVA02-B/16),Zero-Shot,Dotted,cat,0.5667,0.6538,0.5667,0.6071
EVA-CLIP (EVA02-B/16),Zero-Shot,Dotted,chair,0.9833,0.9219,0.9833,0.9516
EVA-CLIP (EVA02-B/16),Zero-Shot,Dotted,circle,0.8667,0.9123,0.8667,0.8889
EVA-CLIP (EVA02-B/16),Zero-Shot,Dotted,cup,0.3667,0.9167,0.3667,0.5238
EVA-CLIP (EVA02-B/16),Zero-Shot,Dotted,dog,0.55,0.5789,0.55,0.5641
EVA-CLIP (EVA02-B/16),Zero-Shot,Dotted,rectangle,0.8167,0.7424,0.8167,0.7778
EVA-CLIP (EVA02-B/16),Zero-Shot,Dotted,square,0.8667,0.6753,0.8667,0.7591
EVA-CLIP (EVA02-B/16),Zero-Shot,Dotted,table,0.9,0.5934,0.9,0.7152
EVA-CLIP (EVA02-B/16),Zero-Shot,Dotted,triangle,0.85,0.9808,0.85,0.9107
EVA-CLIP (EVA02-B/16),Zero-Shot,Dashed,car,0.9667,0.8923,0.9667,0.928
EVA-CLIP (EVA02-B/16),Zero-Shot,Dashed,cat,0.7,0.7119,0.7,0.7059
EVA-CLIP (EVA02-B/16),Zero-Shot,Dashed,chair,1.0,0.9677,1.0,0.9836
EVA-CLIP (EVA02-B/16),Zero-Shot,Dashed,circle,1.0,0.6383,1.0,0.7792
EVA-CLIP (EVA02-B/16),Zero-Shot,Dashed,cup,0.45,0.9,0.45,0.6
EVA-CLIP (EVA02-B/16),Zero-Shot,Dashed,dog,0.7167,0.7167,0.7167,0.7167
EVA-CLIP (EVA02-B/16),Zero-Shot,Dashed,rectangle,0.7667,0.92,0.7667,0.8364
EVA-CLIP (EVA02-B/16),Zero-Shot,Dashed,square,0.85,0.7286,0.85,0.7846
EVA-CLIP (EVA02-B/16),Zero-Shot,Dashed,table,0.9333,0.9655,0.9333,0.9492
EVA-CLIP (EVA02-B/16),Zero-Shot,Dashed,triangle,0.85,0.9808,0.85,0.9107
EVA-CLIP (EVA02-B/16),Zero-Shot,Sketch,car,0.9667,0.8788,0.9667,0.9206
EVA-CLIP (EVA02-B/16),Zero-Shot,Sketch,cat,0.8167,0.9074,0.8167,0.8596
EVA-CLIP (EVA02-B/16),Zero-Shot,Sketch,chair,1.0,0.9836,1.0,0.9917
EVA-CLIP (EVA02-B/16),Zero-Shot,Sketch,circle,1.0,0.7595,1.0,0.8633
EVA-CLIP (EVA02-B/16),Zero-Shot,Sketch,cup,0.55,1.0,0.55,0.7097
EVA-CLIP (EVA02-B/16),Zero-Shot,Sketch,dog,0.6333,0.8636,0.6333,0.7308
EVA-CLIP (EVA02-B/16),Zero-Shot,Sketch,rectangle,0.5333,0.4103,0.5333,0.4638
EVA-CLIP (EVA02-B/16),Zero-Shot,Sketch,square,0.1333,0.1481,0.1333,0.1404
EVA-CLIP (EVA02-B/16),Zero-Shot,Sketch,table,0.95,0.95,0.95,0.95
EVA-CLIP (EVA02-B/16),Zero-Shot,Sketch,triangle,1.0,0.8451,1.0,0.916
EVA-CLIP (EVA02-B/16),Zero-Shot,Silhouette,car,0.8833,0.803,0.8833,0.8413
EVA-CLIP (EVA02-B/16),Zero-Shot,Silhouette,cat,0.4167,0.5208,0.4167,0.463
EVA-CLIP (EVA02-B/16),Zero-Shot,Silhouette,chair,0.95,0.9661,0.95,0.958
EVA-CLIP (EVA02-B/16),Zero-Shot,Silhouette,circle,1.0,0.8108,1.0,0.8955
EVA-CLIP (EVA02-B/16),Zero-Shot,Silhouette,cup,0.2,0.75,0.2,0.3158
EVA-CLIP (EVA02-B/16),Zero-Shot,Silhouette,dog,0.4,0.5217,0.4,0.4528
EVA-CLIP (EVA02-B/16),Zero-Shot,Silhouette,rectangle,0.6667,0.4651,0.6667,0.5479
EVA-CLIP (EVA02-B/16),Zero-Shot,Silhouette,square,1.0,0.5769,1.0,0.7317
EVA-CLIP (EVA02-B/16),Zero-Shot,Silhouette,table,0.65,0.975,0.65,0.78
EVA-CLIP (EVA02-B/16),Zero-Shot,Silhouette,triangle,1.0,0.9836,1.0,0.9917
EVA-CLIP (EVA02-B/16),Zero-Shot,ColorTint_Red,car,0.9833,1.0,0.9833,0.9916
EVA-CLIP (EVA02-B/16),Zero-Shot,ColorTint_Red,cat,0.9833,0.9833,0.9833,0.9833
EVA-CLIP (EVA02-B/16),Zero-Shot,ColorTint_Red,chair,1.0,0.9836,1.0,0.9917
EVA-CLIP (EVA02-B/16),Zero-Shot,ColorTint_Red,circle,1.0,0.9836,1.0,0.9917
EVA-CLIP (EVA02-B/16),Zero-Shot,ColorTint_Red,cup,0.65,1.0,0.65,0.7879
EVA-CLIP (EVA02-B/16),Zero-Shot,ColorTint_Red,dog,0.9667,0.9831,0.9667,0.9748
EVA-CLIP (EVA02-B/16),Zero-Shot,ColorTint_Red,rectangle,0.9667,0.7436,0.9667,0.8406
EVA-CLIP (EVA02-B/16),Zero-Shot,ColorTint_Red,square,0.7333,0.898,0.7333,0.8073
EVA-CLIP (EVA02-B/16),Zero-Shot,ColorTint_Red,table,1.0,0.8108,1.0,0.8955
EVA-CLIP (EVA02-B/16),Zero-Shot,ColorTint_Red,triangle,1.0,1.0,1.0,1.0
EVA-CLIP (EVA02-B/16),Zero-Shot,ColorTint_Green,car,1.0,1.0,1.0,1.0
EVA-CLIP (EVA02-B/16),Zero-Shot,ColorTint_Green,cat,0.9833,0.9833,0.9833,0.9833
EVA-CLIP (EVA02-B/16),Zero-Shot,ColorTint_Green,chair,1.0,0.9836,1.0,0.9917
EVA-CLIP (EVA02-B/16),Zero-Shot,ColorTint_Green,circle,1.0,0.9677,1.0,0.9836
EVA-CLIP (EVA02-B/16),Zero-Shot,ColorTint_Green,cup,0.5833,1.0,0.5833,0.7368
EVA-CLIP (EVA02-B/16),Zero-Shot,ColorTint_Green,dog,0.9667,0.9667,0.9667,0.9667
EVA-CLIP (EVA02-B/16),Zero-Shot,ColorTint_Green,rectangle,0.9667,0.5421,0.9667,0.6946
EVA-CLIP (EVA02-B/16),Zero-Shot,ColorTint_Green,square,0.25,0.75,0.25,0.375
EVA-CLIP (EVA02-B/16),Zero-Shot,ColorTint_Green,table,1.0,0.8,1.0,0.8889
EVA-CLIP (EVA02-B/16),Zero-Shot,ColorTint_Green,triangle,1.0,1.0,1.0,1.0
EVA-CLIP (EVA02-B/16),Zero-Shot,ColorTint_Blue,car,0.9833,1.0,0.9833,0.9916
EVA-CLIP (EVA02-B/16),Zero-Shot,ColorTint_Blue,cat,0.9833,0.9672,0.9833,0.9752
EVA-CLIP (EVA02-B/16),Zero-Shot,ColorTint_Blue,chair,1.0,0.9836,1.0,0.9917
EVA-CLIP (EVA02-B/16),Zero-Shot,ColorTint_Blue,circle,1.0,0.9375,1.0,0.9677
EVA-CLIP (EVA02-B/16),Zero-Shot,ColorTint_Blue,cup,0.6167,1.0,0.6167,0.7629
EVA-CLIP (EVA02-B/16),Zero-Shot,ColorTint_Blue,dog,0.95,0.9344,0.95,0.9421
EVA-CLIP (EVA02-B/16),Zero-Shot,ColorTint_Blue,rectangle,0.9333,0.7368,0.9333,0.8235
EVA-CLIP (EVA02-B/16),Zero-Shot,ColorTint_Blue,square,0.7,0.9333,0.7,0.8
EVA-CLIP (EVA02-B/16),Zero-Shot,ColorTint_Blue,table,0.9833,0.7867,0.9833,0.8741
EVA-CLIP (EVA02-B/16),Zero-Shot,ColorTint_Blue,triangle,1.0,0.9836,1.0,0.9917
