model,training_setup,test_representation,class_name,accuracy,f1_score,precision,recall,num_images
Qwen3-VL-8B,Zero-Shot,Original,ALL,0.96,0.9576856442960391,0.9638103209420457,0.96,600
Qwen3-VL-8B,Zero-Shot,Outline,ALL,0.8933333333333333,0.8902236221621033,0.8978873538247933,0.8933333333333333,600
Qwen3-VL-8B,Zero-Shot,Dotted,ALL,0.84,0.8313855049788064,0.8492006827402593,0.8400000000000001,600
Qwen3-VL-8B,Zero-Shot,Dashed,ALL,0.885,0.8815432232470588,0.8903239217394384,0.8850000000000001,600
Qwen3-VL-8B,Zero-Shot,Sketch,ALL,0.93,0.9282623410224922,0.9321831673962322,0.9299999999999999,600
Qwen3-VL-8B,Zero-Shot,Silhouette,ALL,0.7816666666666666,0.7735939487443846,0.8158934692501468,0.7816666666666666,600
Qwen3-VL-8B,Zero-Shot,ColorTint_Red,ALL,0.95,0.9494471083388472,0.9532247002962684,0.95,600
Qwen3-VL-8B,Zero-Shot,ColorTint_Green,ALL,0.9483333333333334,0.9473562524724859,0.9519170801497688,0.9483333333333335,600
Qwen3-VL-8B,Zero-Shot,ColorTint_Blue,ALL,0.955,0.9543005383257954,0.9571643086622164,0.9550000000000001,600
