model,mode,representation,resolution,accuracy,accuracy_pct,f1,num_images,inference_time_sec,implementation_note,actual_model_resolution
ResNet-50,Train_All_Combined,Original,64,0.6,60.0,0.5678237148390167,600,3.490197288803756,,
ResNet-50,Train_All_Combined,Outline,64,0.5116666666666667,51.16666666666667,0.4712046971837215,600,3.2904841359704733,,
ResNet-50,Train_All_Combined,Dotted,64,0.4916666666666666,49.16666666666666,0.4704731781326122,600,2.141559629002586,,
ResNet-50,Train_All_Combined,Dashed,64,0.5083333333333333,50.83333333333333,0.4696728453863385,600,2.5546324339229614,,
ResNet-50,Train_All_Combined,Sketch,64,0.4933333333333333,49.333333333333336,0.4714089804231631,600,4.595558933913708,,
ResNet-50,Train_All_Combined,Silhouette,64,0.5033333333333333,50.33333333333333,0.4670293509208162,600,2.664345034165308,,
ResNet-50,Train_All_Combined,ColorTint_Red,64,0.5416666666666666,54.16666666666666,0.5074648655612998,600,3.235162988072261,,
ResNet-50,Train_All_Combined,ColorTint_Green,64,0.535,53.5,0.4948829604783863,600,2.655463003087789,,
ResNet-50,Train_All_Combined,ColorTint_Blue,64,0.55,55.00000000000001,0.5209795311754497,600,2.178731512045488,,
ResNet-50,Train_All_Combined,Original,128,0.9016666666666666,90.16666666666666,0.9016040071232287,600,3.629948426969349,,
ResNet-50,Train_All_Combined,Outline,128,0.8566666666666667,85.66666666666667,0.8572110342556156,600,2.6988598068710417,,
ResNet-50,Train_All_Combined,Dotted,128,0.8133333333333334,81.33333333333333,0.8146045450683367,600,2.734324359102174,,
ResNet-50,Train_All_Combined,Dashed,128,0.8533333333333334,85.33333333333334,0.8541065585527144,600,2.6856883578002453,,
ResNet-50,Train_All_Combined,Sketch,128,0.8583333333333333,85.83333333333333,0.8607971510621795,600,2.8194842839147896,,
ResNet-50,Train_All_Combined,Silhouette,128,0.835,83.5,0.838030642932905,600,2.4550352399237454,,
ResNet-50,Train_All_Combined,ColorTint_Red,128,0.8833333333333333,88.33333333333333,0.8848853441658366,600,2.484205347020179,,
ResNet-50,Train_All_Combined,ColorTint_Green,128,0.8666666666666667,86.66666666666667,0.8693583726816264,600,2.79290056694299,,
ResNet-50,Train_All_Combined,ColorTint_Blue,128,0.8683333333333333,86.83333333333333,0.8712172011964754,600,3.2088979289401323,,
ResNet-50,Train_All_Combined,Original,224,0.9766666666666668,97.66666666666669,0.9766850706184004,600,5.441366449929774,,
ResNet-50,Train_All_Combined,Outline,224,0.955,95.5,0.9547330072052052,600,3.52123388601467,,
ResNet-50,Train_All_Combined,Dotted,224,0.955,95.5,0.9551673760294556,600,4.159105020808056,,
ResNet-50,Train_All_Combined,Dashed,224,0.9516666666666668,95.16666666666669,0.9514513302531432,600,3.909113720059395,,
ResNet-50,Train_All_Combined,Sketch,224,0.9766666666666668,97.66666666666669,0.9766049414025664,600,3.0012316801585257,,
ResNet-50,Train_All_Combined,Silhouette,224,0.93,93.0,0.9300433347573858,600,2.527583556016907,,
ResNet-50,Train_All_Combined,ColorTint_Red,224,0.9633333333333334,96.33333333333334,0.9634926418063934,600,4.099793407134712,,
ResNet-50,Train_All_Combined,ColorTint_Green,224,0.9683333333333334,96.83333333333334,0.9683061009175932,600,4.814866304863244,,
ResNet-50,Train_All_Combined,ColorTint_Blue,224,0.9666666666666668,96.66666666666669,0.9667158923518012,600,4.502178673166782,,
ResNet-50,Train_All_Combined,Original,384,0.87,87.0,0.8625320162588663,600,4.066464676056057,,
ResNet-50,Train_All_Combined,Outline,384,0.8633333333333333,86.33333333333333,0.8619192930286221,600,3.206369827967137,,
ResNet-50,Train_All_Combined,Dotted,384,0.6083333333333333,60.83333333333333,0.5871268021368886,600,3.728450949070975,,
ResNet-50,Train_All_Combined,Dashed,384,0.855,85.5,0.8544587460442129,600,4.966812358936295,,
ResNet-50,Train_All_Combined,Sketch,384,0.8833333333333333,88.33333333333333,0.8826119896750798,600,3.3278622748330235,,
ResNet-50,Train_All_Combined,Silhouette,384,0.7283333333333334,72.83333333333334,0.7133947152538933,600,4.222683164989576,,
ResNet-50,Train_All_Combined,ColorTint_Red,384,0.86,86.0,0.8520849209147556,600,4.8657077881507576,,
ResNet-50,Train_All_Combined,ColorTint_Green,384,0.8833333333333333,88.33333333333333,0.8793336726782496,600,3.240002932958305,,
ResNet-50,Train_All_Combined,ColorTint_Blue,384,0.8516666666666667,85.16666666666667,0.8449688633158786,600,3.348191695054993,,
ResNet-50,Train_All_Combined,Original,512,0.675,67.5,0.6324021111536947,600,5.102673379005864,,
ResNet-50,Train_All_Combined,Outline,512,0.59,59.0,0.5691134618220857,600,4.416629385901615,,
ResNet-50,Train_All_Combined,Dotted,512,0.33,33.0,0.3027921144383339,600,3.893052203813568,,
ResNet-50,Train_All_Combined,Dashed,512,0.5866666666666667,58.66666666666666,0.5674829868667857,600,4.206602338002995,,
ResNet-50,Train_All_Combined,Sketch,512,0.635,63.5,0.6092173792465267,600,4.02964170393534,,
ResNet-50,Train_All_Combined,Silhouette,512,0.485,48.5,0.4368483452840019,600,3.682408049004152,,
ResNet-50,Train_All_Combined,ColorTint_Red,512,0.6066666666666667,60.66666666666667,0.5617661939597879,600,7.103388214949518,,
ResNet-50,Train_All_Combined,ColorTint_Green,512,0.6183333333333333,61.83333333333333,0.5875240714140372,600,3.995489874156192,,
ResNet-50,Train_All_Combined,ColorTint_Blue,512,0.6283333333333333,62.83333333333333,0.5911168414791415,600,4.1037238938733935,,
ViT-B/16,Train_All_Combined,Original,64,0.37,37.0,0.3318911234896984,600,2.973145730094984,,
ViT-B/16,Train_All_Combined,Outline,64,0.275,27.500000000000004,0.212623936394377,600,1.9017977460753173,,
ViT-B/16,Train_All_Combined,Dotted,64,0.2583333333333333,25.833333333333336,0.1929499287078233,600,2.859216962940991,,
ViT-B/16,Train_All_Combined,Dashed,64,0.2666666666666666,26.666666666666668,0.2033345766028926,600,2.82999651087448,,
ViT-B/16,Train_All_Combined,Sketch,64,0.2333333333333333,23.33333333333333,0.1746912306925671,600,1.9880272529553624,,
ViT-B/16,Train_All_Combined,Silhouette,64,0.4716666666666667,47.16666666666667,0.444850112768257,600,2.6340704190079123,,
ViT-B/16,Train_All_Combined,ColorTint_Red,64,0.3766666666666666,37.66666666666666,0.3498851308260378,600,2.9970860560424626,,
ViT-B/16,Train_All_Combined,ColorTint_Green,64,0.3416666666666667,34.166666666666664,0.2908265767511147,600,2.552795307012275,,
ViT-B/16,Train_All_Combined,ColorTint_Blue,64,0.345,34.5,0.2994087285241734,600,2.014299649046734,,
ViT-B/16,Train_All_Combined,Original,128,0.885,88.5,0.8844577427344362,600,3.111415992025286,,
ViT-B/16,Train_All_Combined,Outline,128,0.8916666666666667,89.16666666666667,0.890742854577943,600,2.735597549937665,,
ViT-B/16,Train_All_Combined,Dotted,128,0.8833333333333333,88.33333333333333,0.8826695045323258,600,1.9761388029437512,,
ViT-B/16,Train_All_Combined,Dashed,128,0.8966666666666666,89.66666666666666,0.8955194896251699,600,2.0015450790524483,,
ViT-B/16,Train_All_Combined,Sketch,128,0.91,91.0,0.9099502309724918,600,2.09971565194428,,
ViT-B/16,Train_All_Combined,Silhouette,128,0.8383333333333334,83.83333333333334,0.8375609491309237,600,1.872644507093355,,
ViT-B/16,Train_All_Combined,ColorTint_Red,128,0.875,87.5,0.8736653157679737,600,3.2440324327908456,,
ViT-B/16,Train_All_Combined,ColorTint_Green,128,0.9016666666666666,90.16666666666666,0.9006442880102533,600,2.1555118651594967,,
ViT-B/16,Train_All_Combined,ColorTint_Blue,128,0.8583333333333333,85.83333333333333,0.8564635563587361,600,2.1172742750495672,,
ViT-B/16,Train_All_Combined,Original,224,0.9466666666666668,94.66666666666669,0.9463240313993356,600,3.1503797159530222,,
ViT-B/16,Train_All_Combined,Outline,224,0.935,93.5,0.9349719859009946,600,2.3800142069812864,,
ViT-B/16,Train_All_Combined,Dotted,224,0.925,92.5,0.9245362349376868,600,2.348393470980227,,
ViT-B/16,Train_All_Combined,Dashed,224,0.9283333333333332,92.83333333333331,0.9285116626742096,600,2.370672870893032,,
ViT-B/16,Train_All_Combined,Sketch,224,0.9483333333333334,94.83333333333334,0.9478740099758628,600,2.48361146193929,,
ViT-B/16,Train_All_Combined,Silhouette,224,0.9016666666666666,90.16666666666666,0.9006503958510562,600,2.2785382030997425,,
ViT-B/16,Train_All_Combined,ColorTint_Red,224,0.9366666666666666,93.66666666666669,0.935964884991644,600,2.485106570878997,,
ViT-B/16,Train_All_Combined,ColorTint_Green,224,0.9366666666666666,93.66666666666669,0.9366327573881216,600,2.395248149055988,,
ViT-B/16,Train_All_Combined,ColorTint_Blue,224,0.9333333333333332,93.33333333333331,0.9330247571104018,600,2.9261432480998337,,
ViT-B/16,Train_All_Combined,Original,384,0.9483333333333334,94.83333333333334,0.948112033402167,600,4.255071090999991,,
ViT-B/16,Train_All_Combined,Outline,384,0.89,89.0,0.8920480309009605,600,3.4808654580265284,,
ViT-B/16,Train_All_Combined,Dotted,384,0.4866666666666667,48.66666666666667,0.4751641981933955,600,3.385883684968576,,
ViT-B/16,Train_All_Combined,Dashed,384,0.8683333333333333,86.83333333333333,0.8713905484346707,600,3.4862252548336983,,
ViT-B/16,Train_All_Combined,Sketch,384,0.9366666666666666,93.66666666666669,0.93679954676591,600,3.5851197948213667,,
ViT-B/16,Train_All_Combined,Silhouette,384,0.8583333333333333,85.83333333333333,0.8584757896567732,600,3.301980732008815,,
ViT-B/16,Train_All_Combined,ColorTint_Red,384,0.93,93.0,0.9297159520102368,600,3.5643642931245267,,
ViT-B/16,Train_All_Combined,ColorTint_Green,384,0.9316666666666666,93.16666666666666,0.9319668452048008,600,3.5436025578528643,,
ViT-B/16,Train_All_Combined,ColorTint_Blue,384,0.9283333333333332,92.83333333333331,0.9286153087460398,600,3.622205885825679,,
ViT-B/16,Train_All_Combined,Original,512,0.93,93.0,0.9302157470526996,600,5.625124549958855,,
ViT-B/16,Train_All_Combined,Outline,512,0.845,84.5,0.8496952677389584,600,4.765213574049994,,
ViT-B/16,Train_All_Combined,Dotted,512,0.3166666666666666,31.666666666666664,0.2895021159445236,600,4.83373694610782,,
ViT-B/16,Train_All_Combined,Dashed,512,0.8183333333333334,81.83333333333334,0.8230222791825144,600,4.758504692930728,,
ViT-B/16,Train_All_Combined,Sketch,512,0.9366666666666666,93.66666666666669,0.9370167098107218,600,4.934880803106353,,
ViT-B/16,Train_All_Combined,Silhouette,512,0.8216666666666667,82.16666666666667,0.8233254012546798,600,4.640216926811263,,
ViT-B/16,Train_All_Combined,ColorTint_Red,512,0.9166666666666666,91.66666666666666,0.9167471713211022,600,5.0622837850824,,
ViT-B/16,Train_All_Combined,ColorTint_Green,512,0.9233333333333332,92.33333333333331,0.923948444323298,600,4.807248800061643,,
ViT-B/16,Train_All_Combined,ColorTint_Blue,512,0.9066666666666666,90.66666666666666,0.9073476606628053,600,5.7633150077890605,,
DINOv2,Linear Probe,Original,64,0.8566666666666667,85.66666666666667,0.8394806596337709,600,12.440228641033173,Script-4-compatible DINOv2 ViT-B/14 backbone,70.0
DINOv2,Linear Probe,Outline,64,0.7533333333333333,75.33333333333333,0.736956617028767,600,7.839757996145636,Script-4-compatible DINOv2 ViT-B/14 backbone,70.0
DINOv2,Linear Probe,Dotted,64,0.72,72.0,0.7004999124258919,600,5.202313333982602,Script-4-compatible DINOv2 ViT-B/14 backbone,70.0
DINOv2,Linear Probe,Dashed,64,0.7483333333333333,74.83333333333333,0.7306430467686051,600,5.1892735350411385,Script-4-compatible DINOv2 ViT-B/14 backbone,70.0
DINOv2,Linear Probe,Sketch,64,0.6866666666666666,68.66666666666667,0.6838623586251971,600,5.412763840984553,Script-4-compatible DINOv2 ViT-B/14 backbone,70.0
DINOv2,Linear Probe,Silhouette,64,0.6783333333333333,67.83333333333333,0.6662105640781315,600,5.0787659578491,Script-4-compatible DINOv2 ViT-B/14 backbone,70.0
DINOv2,Linear Probe,ColorTint_Red,64,0.7983333333333333,79.83333333333333,0.7859652819687707,600,5.405371512984857,Script-4-compatible DINOv2 ViT-B/14 backbone,70.0
DINOv2,Linear Probe,ColorTint_Green,64,0.7866666666666666,78.66666666666666,0.7834617575510082,600,5.327644109958783,Script-4-compatible DINOv2 ViT-B/14 backbone,70.0
DINOv2,Linear Probe,ColorTint_Blue,64,0.7866666666666666,78.66666666666666,0.7851606412700118,600,5.41219221916981,Script-4-compatible DINOv2 ViT-B/14 backbone,70.0
DINOv2,Linear Probe,Original,128,0.94,94.0,0.9405960078115304,600,7.761945149162784,Script-4-compatible DINOv2 ViT-B/14 backbone,140.0
DINOv2,Linear Probe,Outline,128,0.905,90.5,0.9050281641264292,600,9.187894626986235,Script-4-compatible DINOv2 ViT-B/14 backbone,140.0
DINOv2,Linear Probe,Dotted,128,0.8683333333333333,86.83333333333333,0.8657552715946615,600,8.106683976016939,Script-4-compatible DINOv2 ViT-B/14 backbone,140.0
DINOv2,Linear Probe,Dashed,128,0.905,90.5,0.9051292063443256,600,6.253022950142622,Script-4-compatible DINOv2 ViT-B/14 backbone,140.0
DINOv2,Linear Probe,Sketch,128,0.8816666666666667,88.16666666666667,0.8793725959491049,600,6.495826966129243,Script-4-compatible DINOv2 ViT-B/14 backbone,140.0
DINOv2,Linear Probe,Silhouette,128,0.8633333333333333,86.33333333333333,0.8639026977953232,600,6.071858469862491,Script-4-compatible DINOv2 ViT-B/14 backbone,140.0
DINOv2,Linear Probe,ColorTint_Red,128,0.925,92.5,0.9249387000310716,600,6.454129863996059,Script-4-compatible DINOv2 ViT-B/14 backbone,140.0
DINOv2,Linear Probe,ColorTint_Green,128,0.9083333333333332,90.83333333333331,0.9062131545232118,600,6.448945336043835,Script-4-compatible DINOv2 ViT-B/14 backbone,140.0
DINOv2,Linear Probe,ColorTint_Blue,128,0.925,92.5,0.9227272606441148,600,6.507541951956227,Script-4-compatible DINOv2 ViT-B/14 backbone,140.0
DINOv2,Linear Probe,Original,224,0.95,95.0,0.9503866002922908,600,8.096590643981472,Script-4-compatible DINOv2 ViT-B/14 backbone,224.0
DINOv2,Linear Probe,Outline,224,0.93,93.0,0.9296545123991532,600,6.859449206152931,Script-4-compatible DINOv2 ViT-B/14 backbone,224.0
DINOv2,Linear Probe,Dotted,224,0.9083333333333332,90.83333333333331,0.9084883828371696,600,6.925920587964356,Script-4-compatible DINOv2 ViT-B/14 backbone,224.0
DINOv2,Linear Probe,Dashed,224,0.9283333333333332,92.83333333333331,0.9280225945999804,600,6.8788474150933325,Script-4-compatible DINOv2 ViT-B/14 backbone,224.0
DINOv2,Linear Probe,Sketch,224,0.9516666666666668,95.16666666666669,0.951445617262124,600,7.0855732569471,Script-4-compatible DINOv2 ViT-B/14 backbone,224.0
DINOv2,Linear Probe,Silhouette,224,0.8983333333333333,89.83333333333333,0.8984744863366647,600,6.672101784031838,Script-4-compatible DINOv2 ViT-B/14 backbone,224.0
DINOv2,Linear Probe,ColorTint_Red,224,0.95,95.0,0.9497064455504642,600,7.068724179873243,Script-4-compatible DINOv2 ViT-B/14 backbone,224.0
DINOv2,Linear Probe,ColorTint_Green,224,0.95,95.0,0.9488308397761224,600,7.060531384078786,Script-4-compatible DINOv2 ViT-B/14 backbone,224.0
DINOv2,Linear Probe,ColorTint_Blue,224,0.95,95.0,0.9491614324511268,600,7.080031194956973,Script-4-compatible DINOv2 ViT-B/14 backbone,224.0
DINOv2,Linear Probe,Original,384,0.9366666666666666,93.66666666666669,0.937270882189812,600,10.97485276008956,Script-4-compatible DINOv2 ViT-B/14 backbone,392.0
DINOv2,Linear Probe,Outline,384,0.9166666666666666,91.66666666666666,0.915481441166152,600,9.70731938094832,Script-4-compatible DINOv2 ViT-B/14 backbone,392.0
DINOv2,Linear Probe,Dotted,384,0.885,88.5,0.8845677931794682,600,9.763054686132818,Script-4-compatible DINOv2 ViT-B/14 backbone,392.0
DINOv2,Linear Probe,Dashed,384,0.9183333333333332,91.83333333333331,0.916057478701289,600,9.720186254940929,Script-4-compatible DINOv2 ViT-B/14 backbone,392.0
DINOv2,Linear Probe,Sketch,384,0.92,92.0,0.9111629366533744,600,9.934360998915508,Script-4-compatible DINOv2 ViT-B/14 backbone,392.0
DINOv2,Linear Probe,Silhouette,384,0.9066666666666666,90.66666666666666,0.9062850596534592,600,9.540456786984578,Script-4-compatible DINOv2 ViT-B/14 backbone,392.0
DINOv2,Linear Probe,ColorTint_Red,384,0.9433333333333334,94.33333333333334,0.9432673444075602,600,9.92851682100445,Script-4-compatible DINOv2 ViT-B/14 backbone,392.0
DINOv2,Linear Probe,ColorTint_Green,384,0.9583333333333334,95.83333333333334,0.9582728024379196,600,9.88550982088782,Script-4-compatible DINOv2 ViT-B/14 backbone,392.0
DINOv2,Linear Probe,ColorTint_Blue,384,0.9516666666666668,95.16666666666669,0.951574648059783,600,9.950449687894434,Script-4-compatible DINOv2 ViT-B/14 backbone,392.0
DINOv2,Linear Probe,Original,512,0.9316666666666666,93.16666666666666,0.9320720867662962,600,14.407007999019696,Script-4-compatible DINOv2 ViT-B/14 backbone,518.0
DINOv2,Linear Probe,Outline,512,0.9116666666666666,91.16666666666666,0.9108085320742568,600,13.216485562035814,Script-4-compatible DINOv2 ViT-B/14 backbone,518.0
DINOv2,Linear Probe,Dotted,512,0.8666666666666667,86.66666666666667,0.8665313874768547,600,13.305642196908591,Script-4-compatible DINOv2 ViT-B/14 backbone,518.0
DINOv2,Linear Probe,Dashed,512,0.905,90.5,0.9032094785109795,600,13.257259638048708,Script-4-compatible DINOv2 ViT-B/14 backbone,518.0
DINOv2,Linear Probe,Sketch,512,0.92,92.0,0.9112158881386184,600,13.475870807887986,Script-4-compatible DINOv2 ViT-B/14 backbone,518.0
DINOv2,Linear Probe,Silhouette,512,0.8983333333333333,89.83333333333333,0.8974721071229362,600,13.088601425057275,Script-4-compatible DINOv2 ViT-B/14 backbone,518.0
DINOv2,Linear Probe,ColorTint_Red,512,0.9566666666666668,95.66666666666669,0.9566923776202504,600,13.500029233982788,Script-4-compatible DINOv2 ViT-B/14 backbone,518.0
DINOv2,Linear Probe,ColorTint_Green,512,0.9566666666666668,95.66666666666669,0.9565687728472868,600,13.42506619496271,Script-4-compatible DINOv2 ViT-B/14 backbone,518.0
DINOv2,Linear Probe,ColorTint_Blue,512,0.9466666666666668,94.66666666666669,0.9467420792909648,600,13.48886134312488,Script-4-compatible DINOv2 ViT-B/14 backbone,518.0
CLIP ViT-B/32,Zero-Shot,Original,64,0.8716666666666667,87.16666666666667,0.8398996675330828,600,7.397396679967642,,
CLIP ViT-B/32,Zero-Shot,Outline,64,0.7333333333333333,73.33333333333333,0.6999535678422093,600,6.156107540009543,,
CLIP ViT-B/32,Zero-Shot,Dotted,64,0.7183333333333334,71.83333333333334,0.6855066440850953,600,6.247236433904618,,
CLIP ViT-B/32,Zero-Shot,Dashed,64,0.7366666666666667,73.66666666666667,0.7007780917179413,600,6.153463314054534,,
CLIP ViT-B/32,Zero-Shot,Sketch,64,0.7583333333333333,75.83333333333333,0.7335053622742312,600,6.355720662046224,,
CLIP ViT-B/32,Zero-Shot,Silhouette,64,0.6266666666666667,62.66666666666667,0.6054572963544043,600,5.951952404109761,,
CLIP ViT-B/32,Zero-Shot,ColorTint_Red,64,0.7466666666666667,74.66666666666667,0.7263651288774045,600,6.34513809112832,,
CLIP ViT-B/32,Zero-Shot,ColorTint_Green,64,0.7216666666666667,72.16666666666667,0.7056346777791805,600,6.302337898872793,,
CLIP ViT-B/32,Zero-Shot,ColorTint_Blue,64,0.765,76.5,0.7359871021495363,600,6.38568266807124,,
CLIP ViT-B/32,Zero-Shot,Original,128,0.8783333333333333,87.83333333333333,0.8452389146975916,600,7.83096765819937,,
CLIP ViT-B/32,Zero-Shot,Outline,128,0.7533333333333333,75.33333333333333,0.7223910547648271,600,6.450340670067817,,
CLIP ViT-B/32,Zero-Shot,Dotted,128,0.7083333333333334,70.83333333333334,0.671743003301662,600,6.525492175947875,,
CLIP ViT-B/32,Zero-Shot,Dashed,128,0.755,75.5,0.723617696993859,600,6.499948115088046,,
CLIP ViT-B/32,Zero-Shot,Sketch,128,0.7966666666666666,79.66666666666666,0.766223673221061,600,6.707090375944972,,
CLIP ViT-B/32,Zero-Shot,Silhouette,128,0.66,66.0,0.6400393332124403,600,6.283177721081302,,
CLIP ViT-B/32,Zero-Shot,ColorTint_Red,128,0.795,79.5,0.7660793442879661,600,6.683062127092853,,
CLIP ViT-B/32,Zero-Shot,ColorTint_Green,128,0.7933333333333333,79.33333333333333,0.7622005063991439,600,6.597768735140562,,
CLIP ViT-B/32,Zero-Shot,ColorTint_Blue,128,0.815,81.5,0.7816357656485191,600,6.90912009216845,,
CLIP ViT-B/32,Zero-Shot,Original,224,0.8816666666666667,88.16666666666667,0.8486254825874564,600,13.220018737949433,,
CLIP ViT-B/32,Zero-Shot,Outline,224,0.765,76.5,0.7325007919988817,600,10.885843303985894,,
CLIP ViT-B/32,Zero-Shot,Dotted,224,0.7083333333333334,70.83333333333334,0.6729015157194255,600,6.299732925835997,,
CLIP ViT-B/32,Zero-Shot,Dashed,224,0.7683333333333333,76.83333333333333,0.7361457170098676,600,6.2879049009643495,,
CLIP ViT-B/32,Zero-Shot,Sketch,224,0.815,81.5,0.7845242401760347,600,6.474527779966593,,
CLIP ViT-B/32,Zero-Shot,Silhouette,224,0.68,68.0,0.6598783475916391,600,6.066602882929146,,
CLIP ViT-B/32,Zero-Shot,ColorTint_Red,224,0.815,81.5,0.7852755729469747,600,6.446159936953336,,
CLIP ViT-B/32,Zero-Shot,ColorTint_Green,224,0.81,81.0,0.7801290294899126,600,6.423262037802488,,
CLIP ViT-B/32,Zero-Shot,ColorTint_Blue,224,0.8266666666666667,82.66666666666667,0.7928035205310102,600,6.465641277143732,,
CLIP ViT-B/32,Zero-Shot,Original,384,0.8833333333333333,88.33333333333333,0.8503306839852192,600,9.403768861899152,,
CLIP ViT-B/32,Zero-Shot,Outline,384,0.7616666666666667,76.16666666666667,0.7287790112275907,600,8.182732380926609,,
CLIP ViT-B/32,Zero-Shot,Dotted,384,0.705,70.5,0.6662927398771785,600,8.243462139973417,,
CLIP ViT-B/32,Zero-Shot,Dashed,384,0.7633333333333333,76.33333333333333,0.7307449493185659,600,8.200665124924853,,
CLIP ViT-B/32,Zero-Shot,Sketch,384,0.815,81.5,0.7850937333129842,600,8.431714314967394,,
CLIP ViT-B/32,Zero-Shot,Silhouette,384,0.675,67.5,0.6546577366991948,600,8.000998318195343,,
CLIP ViT-B/32,Zero-Shot,ColorTint_Red,384,0.8133333333333334,81.33333333333333,0.7839906138047451,600,8.446013028966263,,
CLIP ViT-B/32,Zero-Shot,ColorTint_Green,384,0.8066666666666666,80.66666666666666,0.7762806836368495,600,8.4027712601237,,
CLIP ViT-B/32,Zero-Shot,ColorTint_Blue,384,0.8266666666666667,82.66666666666667,0.7928952850793989,600,8.442773527931422,,
CLIP ViT-B/32,Zero-Shot,Original,512,0.8833333333333333,88.33333333333333,0.8503306839852192,600,10.92745165899396,,
CLIP ViT-B/32,Zero-Shot,Outline,512,0.7616666666666667,76.16666666666667,0.729133502808163,600,9.72278901282698,,
CLIP ViT-B/32,Zero-Shot,Dotted,512,0.71,71.0,0.6721711924340734,600,9.745001962874085,,
CLIP ViT-B/32,Zero-Shot,Dashed,512,0.765,76.5,0.7321843346962453,600,9.710773846134543,,
CLIP ViT-B/32,Zero-Shot,Sketch,512,0.8116666666666666,81.16666666666667,0.7816961576692334,600,9.90921170101501,,
CLIP ViT-B/32,Zero-Shot,Silhouette,512,0.675,67.5,0.6539652873874169,600,9.514961533015594,,
CLIP ViT-B/32,Zero-Shot,ColorTint_Red,512,0.8116666666666666,81.16666666666667,0.7822395359451042,600,9.893486832035704,,
CLIP ViT-B/32,Zero-Shot,ColorTint_Green,512,0.8083333333333333,80.83333333333333,0.7779545883169229,600,9.873108271043748,,
CLIP ViT-B/32,Zero-Shot,ColorTint_Blue,512,0.8266666666666667,82.66666666666667,0.7928035205310102,600,9.930111049907282,,
EVA-CLIP,Zero-Shot,Original,64,0.9616666666666668,96.16666666666669,0.9618132011773636,600,7.869274514960125,,
EVA-CLIP,Zero-Shot,Outline,64,0.8483333333333334,84.83333333333334,0.8422123233918931,600,6.581928112078458,,
EVA-CLIP,Zero-Shot,Dotted,64,0.8033333333333333,80.33333333333333,0.7967752274182495,600,6.603543402161449,,
EVA-CLIP,Zero-Shot,Dashed,64,0.855,85.5,0.8459635314026498,600,6.600393510889262,,
EVA-CLIP,Zero-Shot,Sketch,64,0.8716666666666667,87.16666666666667,0.86769218425237,600,6.856367144966498,,
EVA-CLIP,Zero-Shot,Silhouette,64,0.7966666666666666,79.66666666666666,0.7900514102023729,600,6.433562939986587,,
EVA-CLIP,Zero-Shot,ColorTint_Red,64,0.9,90.0,0.8992145766544564,600,6.822934409137815,,
EVA-CLIP,Zero-Shot,ColorTint_Green,64,0.9,90.0,0.8969010440066187,600,6.74093357892707,,
EVA-CLIP,Zero-Shot,ColorTint_Blue,64,0.89,89.0,0.8897006639733039,600,6.849712393945083,,
EVA-CLIP,Zero-Shot,Original,128,0.9683333333333334,96.83333333333334,0.9686205302497336,600,8.2673304900527,,
EVA-CLIP,Zero-Shot,Outline,128,0.86,86.0,0.8578269523410678,600,7.101924196816981,,
EVA-CLIP,Zero-Shot,Dotted,128,0.83,83.0,0.8230271362994568,600,7.158610458020121,,
EVA-CLIP,Zero-Shot,Dashed,128,0.86,86.0,0.854967714476814,600,7.082016639178619,,
EVA-CLIP,Zero-Shot,Sketch,128,0.8966666666666666,89.66666666666666,0.8945470863270029,600,7.28600575379096,,
EVA-CLIP,Zero-Shot,Silhouette,128,0.7833333333333333,78.33333333333333,0.7795750656763178,600,6.874870909843594,,
EVA-CLIP,Zero-Shot,ColorTint_Red,128,0.9333333333333332,93.33333333333331,0.932495954908724,600,7.28296311898157,,
EVA-CLIP,Zero-Shot,ColorTint_Green,128,0.9183333333333332,91.83333333333331,0.9151960620397932,600,7.174491053912789,,
EVA-CLIP,Zero-Shot,ColorTint_Blue,128,0.945,94.5,0.9443969065301784,600,7.238420089008287,,
EVA-CLIP,Zero-Shot,Original,224,0.9166666666666666,91.66666666666666,0.912848920616895,600,8.085342308040708,,
EVA-CLIP,Zero-Shot,Outline,224,0.8666666666666667,86.66666666666667,0.8633744317171624,600,6.858568679075688,,
EVA-CLIP,Zero-Shot,Dotted,224,0.8383333333333334,83.83333333333334,0.8311693620697878,600,6.897248324006796,,
EVA-CLIP,Zero-Shot,Dashed,224,0.8566666666666667,85.66666666666667,0.8520629408131601,600,6.855049607111141,,
EVA-CLIP,Zero-Shot,Sketch,224,0.91,91.0,0.9081873984051744,600,7.081657330971211,,
EVA-CLIP,Zero-Shot,Silhouette,224,0.7633333333333333,76.33333333333333,0.7601532872210619,600,6.686132422881201,,
EVA-CLIP,Zero-Shot,ColorTint_Red,224,0.925,92.5,0.9255955204745682,600,7.0583714509848505,,
EVA-CLIP,Zero-Shot,ColorTint_Green,224,0.9216666666666666,92.16666666666666,0.9215846900623844,600,6.999295640038326,,
EVA-CLIP,Zero-Shot,ColorTint_Blue,224,0.905,90.5,0.9021538579836637,600,7.074448368977755,,
EVA-CLIP,Zero-Shot,Original,384,0.9516666666666668,95.16666666666669,0.9508507826928618,600,9.970304968068376,,
EVA-CLIP,Zero-Shot,Outline,384,0.86,86.0,0.8565095929463681,600,8.771962938830256,,
EVA-CLIP,Zero-Shot,Dotted,384,0.8416666666666667,84.16666666666667,0.8351764602960611,600,8.80518015800044,,
EVA-CLIP,Zero-Shot,Dashed,384,0.8633333333333333,86.33333333333333,0.8591858961726715,600,8.751110737212002,,
EVA-CLIP,Zero-Shot,Sketch,384,0.915,91.5,0.9138775118085558,600,8.964816234074533,,
EVA-CLIP,Zero-Shot,Silhouette,384,0.7966666666666666,79.66666666666666,0.7924577997789864,600,8.56785473995842,,
EVA-CLIP,Zero-Shot,ColorTint_Red,384,0.9416666666666668,94.16666666666669,0.9417953293785551,600,8.91276189708151,,
EVA-CLIP,Zero-Shot,ColorTint_Green,384,0.93,93.0,0.929460864309069,600,8.852921755984426,,
EVA-CLIP,Zero-Shot,ColorTint_Blue,384,0.95,95.0,0.9503709608621672,600,8.912430253112689,,
EVA-CLIP,Zero-Shot,Original,512,0.9533333333333334,95.33333333333334,0.9526505270225332,600,11.395877432776617,,
EVA-CLIP,Zero-Shot,Outline,512,0.8616666666666667,86.16666666666667,0.858120620796783,600,10.20040257810615,,
EVA-CLIP,Zero-Shot,Dotted,512,0.8416666666666667,84.16666666666667,0.8355165223110358,600,10.243381140986456,,
EVA-CLIP,Zero-Shot,Dashed,512,0.8616666666666667,86.16666666666667,0.8572336653788073,600,10.25094315293245,,
EVA-CLIP,Zero-Shot,Sketch,512,0.9133333333333332,91.33333333333331,0.9118510215942428,600,10.47321324585937,,
EVA-CLIP,Zero-Shot,Silhouette,512,0.7966666666666666,79.66666666666666,0.7927050510407982,600,10.048619766021147,,
EVA-CLIP,Zero-Shot,ColorTint_Red,512,0.95,95.0,0.9501718499311012,600,10.434082670137286,,
EVA-CLIP,Zero-Shot,ColorTint_Green,512,0.9333333333333332,93.33333333333331,0.9325552230486756,600,10.359489171998575,,
EVA-CLIP,Zero-Shot,ColorTint_Blue,512,0.95,95.0,0.9503709608621672,600,10.43294796696864,,
SigLIP-2 Base,Zero-Shot,Original,64,0.8633333333333333,86.33333333333333,0.8331462427023959,600,6.9801155580207705,,
SigLIP-2 Base,Zero-Shot,Outline,64,0.8683333333333333,86.83333333333333,0.8639907584795876,600,5.836584876989946,,
SigLIP-2 Base,Zero-Shot,Dotted,64,0.8816666666666667,88.16666666666667,0.8785873408973099,600,5.930357138859108,,
SigLIP-2 Base,Zero-Shot,Dashed,64,0.8883333333333333,88.83333333333333,0.884530059593674,600,5.917415814939886,,
SigLIP-2 Base,Zero-Shot,Sketch,64,0.85,85.0,0.8485797479541957,600,6.072540285997093,,
SigLIP-2 Base,Zero-Shot,Silhouette,64,0.8016666666666666,80.16666666666666,0.7996072408434522,600,5.649598818970844,,
SigLIP-2 Base,Zero-Shot,ColorTint_Red,64,0.9116666666666666,91.16666666666666,0.9114422693917682,600,5.971715267049149,,
SigLIP-2 Base,Zero-Shot,ColorTint_Green,64,0.905,90.5,0.9046254336922832,600,5.923728265799582,,
SigLIP-2 Base,Zero-Shot,ColorTint_Blue,64,0.925,92.5,0.9239949344372652,600,5.984521790873259,,
SigLIP-2 Base,Zero-Shot,Original,128,0.8833333333333333,88.33333333333333,0.850310225292845,600,7.263564227847382,,
SigLIP-2 Base,Zero-Shot,Outline,128,0.84,84.0,0.8340449257646533,600,6.134532772004604,,
SigLIP-2 Base,Zero-Shot,Dotted,128,0.8833333333333333,88.33333333333333,0.8787854362240015,600,6.15236540697515,,
SigLIP-2 Base,Zero-Shot,Dashed,128,0.8766666666666667,87.66666666666667,0.8747825387730066,600,6.081686225952581,,
SigLIP-2 Base,Zero-Shot,Sketch,128,0.8966666666666666,89.66666666666666,0.8964817348188643,600,6.315741772996262,,
SigLIP-2 Base,Zero-Shot,Silhouette,128,0.8366666666666667,83.66666666666667,0.8339451926065417,600,5.938857949106023,,
SigLIP-2 Base,Zero-Shot,ColorTint_Red,128,0.9433333333333334,94.33333333333334,0.9428425196156448,600,6.302257884992287,,
SigLIP-2 Base,Zero-Shot,ColorTint_Green,128,0.935,93.5,0.9344599273459244,600,6.27720356406644,,
SigLIP-2 Base,Zero-Shot,ColorTint_Blue,128,0.95,95.0,0.9498373650192518,600,6.335187262156978,,
SigLIP-2 Base,Zero-Shot,Original,224,0.89,89.0,0.859057939190165,600,7.410665471106768,,
SigLIP-2 Base,Zero-Shot,Outline,224,0.8016666666666666,80.16666666666666,0.773384068599317,600,6.247429975075647,,
SigLIP-2 Base,Zero-Shot,Dotted,224,0.8683333333333333,86.83333333333333,0.8651868434731249,600,6.293595900060609,,
SigLIP-2 Base,Zero-Shot,Dashed,224,0.8316666666666667,83.16666666666667,0.825254369062899,600,6.212188754230738,,
SigLIP-2 Base,Zero-Shot,Sketch,224,0.87,87.0,0.8579414348212445,600,6.378939284011722,,
SigLIP-2 Base,Zero-Shot,Silhouette,224,0.845,84.5,0.842323996101854,600,6.046301988884807,,
SigLIP-2 Base,Zero-Shot,ColorTint_Red,224,0.9233333333333332,92.33333333333331,0.9211540706828436,600,6.421461267862469,,
SigLIP-2 Base,Zero-Shot,ColorTint_Green,224,0.9133333333333332,91.33333333333331,0.9101656708019012,600,6.310877857031301,,
SigLIP-2 Base,Zero-Shot,ColorTint_Blue,224,0.9366666666666666,93.66666666666669,0.9354709242034366,600,6.342168678063899,,
SigLIP-2 Base,Zero-Shot,Original,384,0.895,89.5,0.8655307672038457,600,8.443732712883502,,
SigLIP-2 Base,Zero-Shot,Outline,384,0.815,81.5,0.7971848355631752,600,7.291046820115298,,
SigLIP-2 Base,Zero-Shot,Dotted,384,0.8833333333333333,88.33333333333333,0.879815119671499,600,7.31995753897354,,
SigLIP-2 Base,Zero-Shot,Dashed,384,0.845,84.5,0.8400357187288069,600,7.283267960883677,,
SigLIP-2 Base,Zero-Shot,Sketch,384,0.8766666666666667,87.66666666666667,0.8692016878216989,600,7.509909376036376,,
SigLIP-2 Base,Zero-Shot,Silhouette,384,0.8216666666666667,82.16666666666667,0.8192340691378461,600,7.105349601013586,,
SigLIP-2 Base,Zero-Shot,ColorTint_Red,384,0.94,94.0,0.9392804187113912,600,7.504444644087925,,
SigLIP-2 Base,Zero-Shot,ColorTint_Green,384,0.9183333333333332,91.83333333333331,0.9165453954420032,600,7.420995754888281,,
SigLIP-2 Base,Zero-Shot,ColorTint_Blue,384,0.95,95.0,0.9495077756489628,600,7.520536542870104,,
SigLIP-2 Base,Zero-Shot,Original,512,0.8916666666666667,89.16666666666667,0.858330090630208,600,9.468835311941804,,
SigLIP-2 Base,Zero-Shot,Outline,512,0.8183333333333334,81.83333333333334,0.7999348514541568,600,8.28291853191331,,
SigLIP-2 Base,Zero-Shot,Dotted,512,0.885,88.5,0.8815848441621711,600,8.324627411086112,,
SigLIP-2 Base,Zero-Shot,Dashed,512,0.845,84.5,0.8405504413061171,600,8.284272707998753,,
SigLIP-2 Base,Zero-Shot,Sketch,512,0.88,88.0,0.8735916451958354,600,8.462381541961804,,
SigLIP-2 Base,Zero-Shot,Silhouette,512,0.8283333333333334,82.83333333333334,0.8258861052771416,600,8.120588871883228,,
SigLIP-2 Base,Zero-Shot,ColorTint_Red,512,0.9383333333333334,93.83333333333331,0.937585868661906,600,8.508313965052366,,
SigLIP-2 Base,Zero-Shot,ColorTint_Green,512,0.9183333333333332,91.83333333333331,0.9165453954420032,600,8.424252997851,,
SigLIP-2 Base,Zero-Shot,ColorTint_Blue,512,0.9533333333333334,95.33333333333334,0.9530262609156877,600,8.502018192782998,,
Qwen3-VL-8B,Zero-Shot Generative VLM,ColorTint_Blue,64,0.8283333333333334,82.83333333333334,0.8161095280943782,600,41.325067897094414,,
Qwen3-VL-8B,Zero-Shot Generative VLM,ColorTint_Blue,128,0.9083333333333333,90.83333333333333,0.9061784562210681,600,47.16079002828337,,
Qwen3-VL-8B,Zero-Shot Generative VLM,ColorTint_Blue,224,0.95,95.0,0.9494039830874212,600,47.287861480843276,,
Qwen3-VL-8B,Zero-Shot Generative VLM,ColorTint_Blue,384,0.955,95.5,0.9545488257114823,600,47.65856076730415,,
Qwen3-VL-8B,Zero-Shot Generative VLM,ColorTint_Blue,512,0.96,96.0,0.9596175669185248,600,48.24031860567629,,
Qwen3-VL-8B,Zero-Shot Generative VLM,ColorTint_Green,64,0.825,82.5,0.8190894641169901,600,41.383006961783394,,
Qwen3-VL-8B,Zero-Shot Generative VLM,ColorTint_Green,128,0.92,92.0,0.9181512688790014,600,47.185238979524,,
Qwen3-VL-8B,Zero-Shot Generative VLM,ColorTint_Green,224,0.9516666666666667,95.16666666666667,0.9505453556515813,600,47.27194874524139,,
Qwen3-VL-8B,Zero-Shot Generative VLM,ColorTint_Green,384,0.9516666666666667,95.16666666666667,0.9505430182825443,600,47.65716123045422,,
Qwen3-VL-8B,Zero-Shot Generative VLM,ColorTint_Green,512,0.9566666666666667,95.66666666666667,0.9555720152628142,600,48.228715313831344,,
Qwen3-VL-8B,Zero-Shot Generative VLM,ColorTint_Red,64,0.8083333333333333,80.83333333333333,0.7951346052998153,600,41.594640996539965,,
Qwen3-VL-8B,Zero-Shot Generative VLM,ColorTint_Red,128,0.8933333333333333,89.33333333333333,0.8901218566547839,600,47.330964042805135,,
Qwen3-VL-8B,Zero-Shot Generative VLM,ColorTint_Red,224,0.9483333333333334,94.83333333333334,0.947853419524512,600,47.43047912721522,,
Qwen3-VL-8B,Zero-Shot Generative VLM,ColorTint_Red,384,0.9366666666666666,93.66666666666667,0.9357791630286384,600,47.78785723587498,,
Qwen3-VL-8B,Zero-Shot Generative VLM,ColorTint_Red,512,0.9516666666666667,95.16666666666667,0.9510856187217887,600,48.80967293214053,,
Qwen3-VL-8B,Zero-Shot Generative VLM,Dashed,64,0.8333333333333334,83.33333333333334,0.8308524258381945,600,41.53960075555369,,
Qwen3-VL-8B,Zero-Shot Generative VLM,Dashed,128,0.8766666666666667,87.66666666666667,0.8754530982084658,600,47.721936432877555,,
Qwen3-VL-8B,Zero-Shot Generative VLM,Dashed,224,0.8966666666666666,89.66666666666666,0.8951554662294091,600,47.55882956809364,,
Qwen3-VL-8B,Zero-Shot Generative VLM,Dashed,384,0.9016666666666666,90.16666666666666,0.9003079454177703,600,47.712509534088895,,
Qwen3-VL-8B,Zero-Shot Generative VLM,Dashed,512,0.8916666666666667,89.16666666666667,0.8892245876940347,600,48.43227347149514,,
Qwen3-VL-8B,Zero-Shot Generative VLM,Dotted,64,0.7983333333333333,79.83333333333333,0.7932431346071706,600,41.34145546355285,,
Qwen3-VL-8B,Zero-Shot Generative VLM,Dotted,128,0.8666666666666667,86.66666666666667,0.8650753855929836,600,47.509546322748065,,
Qwen3-VL-8B,Zero-Shot Generative VLM,Dotted,224,0.8783333333333333,87.83333333333333,0.8760125562073215,600,47.305863740853965,,
Qwen3-VL-8B,Zero-Shot Generative VLM,Dotted,384,0.8733333333333333,87.33333333333333,0.8699211949277685,600,47.47112609632313,,
Qwen3-VL-8B,Zero-Shot Generative VLM,Dotted,512,0.865,86.5,0.86133804247387,600,49.12036596983671,,
Qwen3-VL-8B,Zero-Shot Generative VLM,Original,64,0.9033333333333333,90.33333333333333,0.8951002116509839,600,46.36881586373784,,
Qwen3-VL-8B,Zero-Shot Generative VLM,Original,128,0.94,94.0,0.9380881738152638,600,61.541308218380436,,
Qwen3-VL-8B,Zero-Shot Generative VLM,Original,224,0.97,97.0,0.9695939753947751,600,47.68131897645071,,
Qwen3-VL-8B,Zero-Shot Generative VLM,Original,384,0.9716666666666667,97.16666666666667,0.9713880595513361,600,47.94436138425954,,
Qwen3-VL-8B,Zero-Shot Generative VLM,Original,512,0.97,97.0,0.9697215086334483,600,51.67271009646356,,
Qwen3-VL-8B,Zero-Shot Generative VLM,Outline,64,0.8483333333333334,84.83333333333334,0.8461387706978838,600,41.31464319629595,,
Qwen3-VL-8B,Zero-Shot Generative VLM,Outline,128,0.875,87.5,0.873354963171369,600,57.18339323461987,,
Qwen3-VL-8B,Zero-Shot Generative VLM,Outline,224,0.9016666666666666,90.16666666666666,0.9003912424771471,600,47.59042712999508,,
Qwen3-VL-8B,Zero-Shot Generative VLM,Outline,384,0.9016666666666666,90.16666666666666,0.899991125915872,600,47.61895725131035,,
Qwen3-VL-8B,Zero-Shot Generative VLM,Outline,512,0.8933333333333333,89.33333333333333,0.8911350101657621,600,51.92989532300271,,
Qwen3-VL-8B,Zero-Shot Generative VLM,Silhouette,64,0.77,77.0,0.7687368995560138,600,41.60583266289905,,
Qwen3-VL-8B,Zero-Shot Generative VLM,Silhouette,128,0.76,76.0,0.7580249243928019,600,47.53204687079415,,
Qwen3-VL-8B,Zero-Shot Generative VLM,Silhouette,224,0.76,76.0,0.7601900809749648,600,47.51082223257981,,
Qwen3-VL-8B,Zero-Shot Generative VLM,Silhouette,384,0.7866666666666666,78.66666666666666,0.7848289270618831,600,47.95807874528691,,
Qwen3-VL-8B,Zero-Shot Generative VLM,Silhouette,512,0.7916666666666666,79.16666666666666,0.7890748585691476,600,48.39566410961561,,
Qwen3-VL-8B,Zero-Shot Generative VLM,Sketch,64,0.8883333333333333,88.83333333333333,0.8861959015776583,600,41.33160668006167,,
Qwen3-VL-8B,Zero-Shot Generative VLM,Sketch,128,0.925,92.5,0.9235745039942287,600,50.99697693902999,,
Qwen3-VL-8B,Zero-Shot Generative VLM,Sketch,224,0.935,93.5,0.933860684935684,600,47.36722329701297,,
Qwen3-VL-8B,Zero-Shot Generative VLM,Sketch,384,0.9333333333333333,93.33333333333333,0.9321100091649669,600,47.53391527244821,,
Qwen3-VL-8B,Zero-Shot Generative VLM,Sketch,512,0.94,94.0,0.9388810776117567,600,48.24325843085535,,
