model,resolution,mean_accuracy_pct,mean_f1,total_images
CLIP ViT-B/32,64,74.20370370370371,0.7147875042903428,5400
CLIP ViT-B/32,128,77.27777777777777,0.7421299213918967,5400
CLIP ViT-B/32,224,78.55555555555556,0.7547538020056892,5400
CLIP ViT-B/32,384,78.33333333333333,0.7521183818824141,5400
CLIP ViT-B/32,512,78.37037037037038,0.7524976448637098,5400
DINOv2,64,75.72222222222223,0.7458045377055726,5400
DINOv2,128,90.24074074074073,0.9015181176466415,5400
DINOv2,224,93.51851851851852,0.9349078790561217,5400
DINOv2,384,92.62962962962963,0.9248822651609798,5400
DINOv2,512,92.14814814814815,0.920145856649827,5400
EVA-CLIP,64,86.96296296296298,0.8655915736088087,5400
EVA-CLIP,128,88.83333333333333,0.8856281565387876,5400
EVA-CLIP,224,87.81481481481482,0.8752367121515398,5400
EVA-CLIP,384,89.44444444444444,0.8921872442494774,5400
EVA-CLIP,512,89.57407407407408,0.8934639379984605,5400
Qwen3-VL-8B,64,83.37037037037038,0.8278445490487876,5400
Qwen3-VL-8B,128,88.5,0.8831136256588851,5400
Qwen3-VL-8B,224,91.01851851851852,0.9092229738314239,5400
Qwen3-VL-8B,384,91.24074074074073,0.9110464743402513,5400
Qwen3-VL-8B,512,91.33333333333333,0.9117389206723497,5400
ResNet-50,64,52.611111111111114,0.493437791566756,5400
ResNet-50,128,85.96296296296296,0.8613127618932132,5400
ResNet-50,224,96.03703703703705,0.9603555217046605,5400
ResNet-50,384,82.25925925925927,0.815381224367383,5400
ResNet-50,512,57.27777777777778,0.5398070561849327,5400
SigLIP-2 Base,64,87.72222222222223,0.8720560031102147,5400
SigLIP-2 Base,128,89.38888888888889,0.8883877628289704,5400
SigLIP-2 Base,224,87.55555555555556,0.8655488129929761,5400
SigLIP-2 Base,384,88.27777777777777,0.8751484208810254,5400
SigLIP-2 Base,512,88.42592592592592,0.8763372781161363,5400
ViT-B/16,64,32.648148148148145,0.2778290383063268,5400
ViT-B/16,128,88.22222222222223,0.8812971035233615,5400
ViT-B/16,224,93.24074074074075,0.9320545244699238,5400
ViT-B/16,384,86.42592592592592,0.8635875837016616,5400
ViT-B/16,512,82.38888888888889,0.8223134219212559,5400
